/*
 Navicat Premium Data Transfer

 Source Server         : dsa
 Source Server Type    : MySQL
 Source Server Version : 80023
 Source Host           : localhost:3306
 Source Schema         : app

 Target Server Type    : MySQL
 Target Server Version : 80023
 File Encoding         : 65001

 Date: 06/10/2024 20:34:31
*/

SET NAMES utf8mb4;
SET FOREIGN_KEY_CHECKS = 0;

-- ----------------------------
-- Table structure for admin
-- ----------------------------
DROP TABLE IF EXISTS `admin`;
CREATE TABLE `admin`  (
  `id` int NOT NULL,
  `username` varchar(255) CHARACTER SET utf8mb4 COLLATE utf8mb4_general_ci NULL DEFAULT NULL,
  `password` varchar(255) CHARACTER SET utf8mb4 COLLATE utf8mb4_general_ci NULL DEFAULT NULL,
  `nickname` varchar(255) CHARACTER SET utf8mb4 COLLATE utf8mb4_general_ci NULL DEFAULT NULL,
  `create_time` datetime NULL DEFAULT CURRENT_TIMESTAMP,
  `update_time` datetime NULL DEFAULT NULL,
  `avater` varchar(255) CHARACTER SET utf8mb4 COLLATE utf8mb4_general_ci NULL DEFAULT NULL,
  PRIMARY KEY (`id`) USING BTREE
) ENGINE = InnoDB CHARACTER SET = utf8mb4 COLLATE = utf8mb4_general_ci ROW_FORMAT = DYNAMIC;

-- ----------------------------
-- Records of admin
-- ----------------------------
INSERT INTO `admin` VALUES (1, 'lishuo', '123', 'ls', '2024-06-20 13:43:48', NULL, 'https://img.picui.cn/free/2024/06/20/6673f0bebd51a.png');
INSERT INTO `admin` VALUES (2, 'madandan', '123', 'mdd', '2024-06-21 00:27:17', NULL, 'https://img.picui.cn/free/2024/06/20/6673f0bebd51a.png');
INSERT INTO `admin` VALUES (3, 'junhao', '123', '俊豪', '2024-06-23 20:39:46', NULL, 'https://img.picui.cn/free/2024/06/23/667815d60694e.png');
INSERT INTO `admin` VALUES (4, 'fangyu', '123', '方雨', '2024-06-30 13:20:26', NULL, 'https://bpic.588ku.com/back_origin_min_pic/20/05/13/14e30bafe4b8a9c854514f21d1802cbd.jpg');

-- ----------------------------
-- Table structure for ding
-- ----------------------------
DROP TABLE IF EXISTS `ding`;
CREATE TABLE `ding`  (
  `id` bigint NOT NULL,
  `user_id` bigint NULL DEFAULT NULL,
  `task_id` bigint NULL DEFAULT NULL,
  `create_time` datetime NULL DEFAULT CURRENT_TIMESTAMP,
  `time_cou` bigint NULL DEFAULT NULL COMMENT '时间消费',
  PRIMARY KEY (`id`) USING BTREE
) ENGINE = InnoDB CHARACTER SET = utf8mb4 COLLATE = utf8mb4_general_ci ROW_FORMAT = DYNAMIC;

-- ----------------------------
-- Records of ding
-- ----------------------------
INSERT INTO `ding` VALUES (1805565239370977281, 2, 1805557673391828994, '2024-06-25 19:34:33', 1773);
INSERT INTO `ding` VALUES (1805566094748946433, 2, 1805566082371555329, '2024-06-25 19:37:57', 0);
INSERT INTO `ding` VALUES (1805567035430670337, 2, 1805566082371555329, '2024-06-25 19:41:41', 220);
INSERT INTO `ding` VALUES (1805567991086059522, 2, 1805567730342957058, '2024-06-25 19:45:29', 56);
INSERT INTO `ding` VALUES (1805568001164972034, 2, 1805566085005578241, '2024-06-25 19:45:31', 448);
INSERT INTO `ding` VALUES (1805568939866984449, 2, 1805568076092018689, '2024-06-25 19:49:15', 204);
INSERT INTO `ding` VALUES (1805568944145174530, 2, 1805568078566658049, '2024-06-25 19:49:16', 203);
INSERT INTO `ding` VALUES (1805569081848369154, 2, 1805568076092018689, '2024-06-25 19:49:49', 237);
INSERT INTO `ding` VALUES (1805569085946204161, 2, 1805568078566658049, '2024-06-25 19:49:50', 236);
INSERT INTO `ding` VALUES (1805607743340417026, 2, 1805607730937860097, '2024-06-25 22:23:27', 0);
INSERT INTO `ding` VALUES (1805607747157233666, 2, 1805607733961953282, '2024-06-25 22:23:28', 2);
INSERT INTO `ding` VALUES (1805643042355412994, 2, 1805642923807604737, '2024-06-26 00:43:43', 28);
INSERT INTO `ding` VALUES (1805655543977627649, 2, 1805655489623642114, '2024-06-26 01:33:23', 13);
INSERT INTO `ding` VALUES (1805655829613924353, 2, 1805655489623642114, '2024-06-26 01:34:31', 42);
INSERT INTO `ding` VALUES (1806209372901085186, 1805789390958546945, 1806207267603804162, '2024-06-27 14:14:06', 502);
INSERT INTO `ding` VALUES (1806209782269349889, 1805789390958546945, 1806207267603804162, '2024-06-27 14:15:44', 591);
INSERT INTO `ding` VALUES (1806210176349376513, 1805789390958546945, 1806210162571087874, '2024-06-27 14:17:18', 0);
INSERT INTO `ding` VALUES (1806261913382862850, 2, 1806261823717031937, '2024-06-27 17:42:53', 19);
INSERT INTO `ding` VALUES (1806262244367974402, 2, 1806261823717031937, '2024-06-27 17:44:12', 100);
INSERT INTO `ding` VALUES (1806262515315818497, 2, 1806261823717031937, '2024-06-27 17:45:17', 163);
INSERT INTO `ding` VALUES (1806262732647874561, 2, 1806262725370757122, '2024-06-27 17:46:08', 0);
INSERT INTO `ding` VALUES (1806487718218289154, 1805789390958546945, 1806487664657027073, '2024-06-28 08:40:09', 8);
INSERT INTO `ding` VALUES (1806487777173426178, 1805789390958546945, 1806487664657027073, '2024-06-28 08:40:23', 23);
INSERT INTO `ding` VALUES (1807278637905383426, 1807277752718495746, 1807278215249563650, '2024-06-30 13:02:59', 97);
INSERT INTO `ding` VALUES (1807278666552479746, 1807277752718495746, 1807278215249563650, '2024-06-30 13:03:06', 107);
INSERT INTO `ding` VALUES (1807282600973201409, 1804230528770097154, 1807281901623341058, '2024-06-30 13:18:44', 159);
INSERT INTO `ding` VALUES (1807282605918285826, 1804230528770097154, 1807281909726736385, '2024-06-30 13:18:45', 157);
INSERT INTO `ding` VALUES (1808147727066939393, 1807277752718495746, 1808144829524295682, '2024-07-02 22:36:26', 691);
INSERT INTO `ding` VALUES (1808147762630443010, 1807277752718495746, 1808144829524295682, '2024-07-02 22:36:35', 699);
INSERT INTO `ding` VALUES (1808147791470477313, 1807277752718495746, 1808144829524295682, '2024-07-02 22:36:41', 701);
INSERT INTO `ding` VALUES (1808148536777326593, 1807277752718495746, 1808144831193628674, '2024-07-02 22:39:39', 879);
INSERT INTO `ding` VALUES (1808148554854776834, 1807277752718495746, 1808144831193628674, '2024-07-02 22:39:43', 885);
INSERT INTO `ding` VALUES (1808148567198613505, 1807277752718495746, 1808144831193628674, '2024-07-02 22:39:46', 890);
INSERT INTO `ding` VALUES (1839895054307299329, 1837765720004476930, 1839895000406298626, '2024-09-28 13:08:59', 1750);
INSERT INTO `ding` VALUES (1842455738706685954, 1837765720004476930, 1842453506133192705, '2024-10-05 14:44:13', 1300);
INSERT INTO `ding` VALUES (1842456097470672897, 1837765720004476930, 1842456081431654401, '2024-10-05 14:45:39', 50);
INSERT INTO `ding` VALUES (1842456245248585730, 1837765720004476930, 1842456137148788737, '2024-10-05 14:46:14', 500);
INSERT INTO `ding` VALUES (1842456252966105090, 1837765720004476930, 1842456138130255874, '2024-10-05 14:46:16', 900);
INSERT INTO `ding` VALUES (1842456266207522817, 1837765720004476930, 1842456137148788737, '2024-10-05 14:46:19', 450);
INSERT INTO `ding` VALUES (1842456272155045889, 1837765720004476930, 1842456138130255874, '2024-10-05 14:46:21', 500);
INSERT INTO `ding` VALUES (1842456281730641922, 1837765720004476930, 1842456137148788737, '2024-10-05 14:46:23', 700);
INSERT INTO `ding` VALUES (1842527536559169537, 1837765720004476930, 1842527446994001921, '2024-10-05 19:29:31', 1200);
INSERT INTO `ding` VALUES (1842527544037613569, 1837765720004476930, 1842527451049893889, '2024-10-05 19:29:33', 1300);
INSERT INTO `ding` VALUES (1842595857841369090, 1837765720004476930, 1842595822504357890, '2024-10-06 00:01:00', 7);
INSERT INTO `ding` VALUES (1842595949491105795, 1837765720004476930, 1842595914170871809, '2024-10-06 00:01:22', 8);
INSERT INTO `ding` VALUES (1842596372864151554, 1837765720004476930, 1842596333106343938, '2024-10-06 00:03:03', 8);
INSERT INTO `ding` VALUES (1842596449888350210, 1837765720004476930, 1842596409925021698, '2024-10-06 00:03:22', 7);
INSERT INTO `ding` VALUES (1842597378301710338, 1837765720004476930, 1842597094749982722, '2024-10-06 00:07:03', 67);
INSERT INTO `ding` VALUES (1842597450615705601, 1837765720004476930, 1842597424569077762, '2024-10-06 00:07:20', 4);
INSERT INTO `ding` VALUES (1842598136845783042, 1837765720004476930, 1842597915327811586, '2024-10-06 00:10:04', 51);
INSERT INTO `ding` VALUES (1842598144944984066, 1837765720004476930, 1842597934751633409, '2024-10-06 00:10:06', 49);
INSERT INTO `ding` VALUES (1842620467676811266, 1837765720004476930, 1842620413641592833, '2024-10-06 01:38:48', 13);
INSERT INTO `ding` VALUES (1842620474949734401, 1837765720004476930, 1842620417118670849, '2024-10-06 01:38:50', 13);
INSERT INTO `ding` VALUES (1842620864101453826, 1, 1842620774162993153, '2024-10-06 01:40:22', 21);
INSERT INTO `ding` VALUES (1842620870413881346, 1, 1842620778176942082, '2024-10-06 01:40:24', 20);
INSERT INTO `ding` VALUES (1842622638359072769, 1, 1842620778176942082, '2024-10-06 01:47:25', 433);
INSERT INTO `ding` VALUES (1842622667396239362, 1, 1842622650845515777, '2024-10-06 01:47:32', 0);
INSERT INTO `ding` VALUES (1842622676690817025, 1, 1842622654544891906, '2024-10-06 01:47:35', 4);
INSERT INTO `ding` VALUES (1842622949538680835, 2, 1842622898196205570, '2024-10-06 01:48:40', 11);
INSERT INTO `ding` VALUES (1842622962620715010, 2, 1842622810753355777, '2024-10-06 01:48:43', 34);
INSERT INTO `ding` VALUES (1842622971416170497, 2, 1842622807670542338, '2024-10-06 01:48:45', 38);
INSERT INTO `ding` VALUES (1842623010439974914, 2, 1842622983260884993, '2024-10-06 01:48:54', 4);
INSERT INTO `ding` VALUES (1842623155344789505, 4, 1842623122687938561, '2024-10-06 01:49:29', 5);
INSERT INTO `ding` VALUES (1842623162689015810, 4, 1842623126571864065, '2024-10-06 01:49:30', 8);
INSERT INTO `ding` VALUES (1842623169265684481, 4, 1842623122687938561, '2024-10-06 01:49:32', 11);
INSERT INTO `ding` VALUES (1842623271191465986, 5, 1842623240132644865, '2024-10-06 01:49:56', 5);
INSERT INTO `ding` VALUES (1842623279164837889, 5, 1842623243706191874, '2024-10-06 01:49:58', 8);
INSERT INTO `ding` VALUES (1842623444349112323, 6, 1842623407653146626, '2024-10-06 01:50:38', 7);
INSERT INTO `ding` VALUES (1842623461835165698, 6, 1842623432546340866, '2024-10-06 01:50:42', 4);
INSERT INTO `ding` VALUES (1842624707744870403, 7, 1842624671174733825, '2024-10-06 01:55:39', 8);
INSERT INTO `ding` VALUES (1842624718239019009, 7, 1842624675272568833, '2024-10-06 01:55:41', 9);
INSERT INTO `ding` VALUES (1842624864595062787, 8, 1842624830818332673, '2024-10-06 01:56:16', 0);
INSERT INTO `ding` VALUES (1842624872698458113, 8, 1842624833863397377, '2024-10-06 01:56:18', 7);
INSERT INTO `ding` VALUES (1842625110398054402, 9, 1842625066022318081, '2024-10-06 01:57:15', 10);
INSERT INTO `ding` VALUES (1842625121714286594, 9, 1842625071315529729, '2024-10-06 01:57:17', 12);
INSERT INTO `ding` VALUES (1842625375142522882, 1807277752718495746, 1842625336001277954, '2024-10-06 01:58:18', 9);
INSERT INTO `ding` VALUES (1842625381480116225, 1807277752718495746, 1842625340589846530, '2024-10-06 01:58:19', 9);
INSERT INTO `ding` VALUES (1842625429718806530, 1807277752718495746, 1842625401226899457, '2024-10-06 01:58:31', 4);
INSERT INTO `ding` VALUES (1842812169876258817, 1805789390958546945, 1806487664657027073, '2024-10-06 14:20:33', 63);
INSERT INTO `ding` VALUES (1842859275089395713, 7, 1842858938114818049, '2024-10-06 17:27:44', 79);
INSERT INTO `ding` VALUES (1842859280948838401, 7, 1842858941482844161, '2024-10-06 17:27:45', 81);
INSERT INTO `ding` VALUES (1842861390155268097, 7, 1842861334882729986, '2024-10-06 17:36:08', 10);

-- ----------------------------
-- Table structure for poster
-- ----------------------------
DROP TABLE IF EXISTS `poster`;
CREATE TABLE `poster`  (
  `id` bigint NOT NULL,
  `url` varchar(255) CHARACTER SET utf8mb4 COLLATE utf8mb4_general_ci NULL DEFAULT NULL,
  `image` varchar(255) CHARACTER SET utf8mb4 COLLATE utf8mb4_general_ci NULL DEFAULT NULL,
  `poster_desc` varchar(512) CHARACTER SET utf8mb4 COLLATE utf8mb4_general_ci NULL DEFAULT NULL,
  `create_time` datetime NULL DEFAULT CURRENT_TIMESTAMP,
  PRIMARY KEY (`id`) USING BTREE
) ENGINE = InnoDB CHARACTER SET = utf8mb4 COLLATE = utf8mb4_general_ci ROW_FORMAT = DYNAMIC;

-- ----------------------------
-- Records of poster
-- ----------------------------
INSERT INTO `poster` VALUES (1, 'https://element-plus.org/zh-CN/component', 'http://localhost:9091/image/45d7c540-e309-40d6-b151-37c1fb9078ee.png', '阿里巴巴', '2024-09-28 15:59:48');
INSERT INTO `poster` VALUES (2, 'https://element-plus.org/zh-CN/component/upload.html', 'http://localhost:9091/image/25211856-23eb-4e6a-908d-0d2e0b3a6d0f.png', '腾讯', '2024-09-28 15:59:48');
INSERT INTO `poster` VALUES (3, 'https://element-plus.org/zh-CN', 'http://localhost:9091/image/4569254e-bc93-44db-a4d3-7b87f99ba7a5.png', '小米', '2024-09-28 15:59:48');

-- ----------------------------
-- Table structure for ranking
-- ----------------------------
DROP TABLE IF EXISTS `ranking`;
CREATE TABLE `ranking`  (
  `id` bigint NOT NULL,
  `user_id` bigint NULL DEFAULT NULL,
  `season_id` int NULL DEFAULT NULL,
  `num` int NULL DEFAULT NULL COMMENT '完成打卡的数量',
  PRIMARY KEY (`id`) USING BTREE
) ENGINE = InnoDB CHARACTER SET = utf8mb4 COLLATE = utf8mb4_0900_ai_ci ROW_FORMAT = Dynamic;

-- ----------------------------
-- Records of ranking
-- ----------------------------
INSERT INTO `ranking` VALUES (1842597378301710337, 1837765720004476930, 1, 6);
INSERT INTO `ranking` VALUES (1842620864101453825, 1, 1, 5);
INSERT INTO `ranking` VALUES (1842622949538680834, 2, 1, 4);
INSERT INTO `ranking` VALUES (1842623155281874946, 4, 1, 3);
INSERT INTO `ranking` VALUES (1842623271128551426, 5, 1, 2);
INSERT INTO `ranking` VALUES (1842623444349112322, 6, 1, 2);
INSERT INTO `ranking` VALUES (1842624707744870402, 7, 1, 5);
INSERT INTO `ranking` VALUES (1842624864595062786, 8, 1, 2);
INSERT INTO `ranking` VALUES (1842625110318362625, 9, 1, 2);
INSERT INTO `ranking` VALUES (1842625375142522881, 1807277752718495746, 1, 3);
INSERT INTO `ranking` VALUES (1842812169863675905, 1805789390958546945, 1, 1);

-- ----------------------------
-- Table structure for season
-- ----------------------------
DROP TABLE IF EXISTS `season`;
CREATE TABLE `season`  (
  `id` tinyint NOT NULL AUTO_INCREMENT,
  `name` varchar(255) CHARACTER SET utf8mb4 COLLATE utf8mb4_0900_ai_ci NOT NULL,
  `create_time` datetime NULL DEFAULT CURRENT_TIMESTAMP,
  `begin_time` datetime NULL DEFAULT NULL,
  `over_time` datetime NULL DEFAULT NULL,
  PRIMARY KEY (`id`) USING BTREE,
  UNIQUE INDEX `id`(`id`) USING BTREE
) ENGINE = InnoDB AUTO_INCREMENT = 81 CHARACTER SET = utf8mb4 COLLATE = utf8mb4_0900_ai_ci ROW_FORMAT = Dynamic;

-- ----------------------------
-- Records of season
-- ----------------------------
INSERT INTO `season` VALUES (1, '第1赛季', '2024-10-06 15:15:29', '2024-10-06 15:15:29', '2024-12-01 00:00:05');

-- ----------------------------
-- Table structure for task
-- ----------------------------
DROP TABLE IF EXISTS `task`;
CREATE TABLE `task`  (
  `id` bigint NOT NULL,
  `name` varchar(255) CHARACTER SET utf8mb4 COLLATE utf8mb4_general_ci NULL DEFAULT NULL,
  `create_time` datetime NULL DEFAULT CURRENT_TIMESTAMP,
  `user_id` bigint UNSIGNED NULL DEFAULT NULL,
  `comment` varchar(255) CHARACTER SET utf8mb4 COLLATE utf8mb4_general_ci NULL DEFAULT NULL,
  `theme` varchar(255) CHARACTER SET utf8mb4 COLLATE utf8mb4_general_ci NULL DEFAULT NULL,
  `status` tinyint NULL DEFAULT NULL,
  `duration` int NULL DEFAULT NULL,
  PRIMARY KEY (`id`) USING BTREE
) ENGINE = InnoDB CHARACTER SET = utf8mb4 COLLATE = utf8mb4_general_ci ROW_FORMAT = DYNAMIC;

-- ----------------------------
-- Records of task
-- ----------------------------
INSERT INTO `task` VALUES (1, 'Java学习', '2024-06-21 22:18:20', NULL, '学习Java基础，60天vue的学习的第一天开始啦', 'Java', 0, NULL);
INSERT INTO `task` VALUES (2, 'Vue学习', '2024-06-21 22:18:20', NULL, '学习Vue2基础，60天vue的学习的第一天开始啦', 'Vue', 0, NULL);
INSERT INTO `task` VALUES (1805582556133879810, 'Java学习', '2024-06-25 20:43:22', 2, '学习Java基础，60天vue的学习的第一天开始啦', 'Java', 3, -4005);
INSERT INTO `task` VALUES (1805582556133879811, 'Vue学习', '2024-06-25 20:43:22', 2, '学习Vue2基础，60天vue的学习的第一天开始啦', 'Vue', 3, -4005);
INSERT INTO `task` VALUES (1805607730937860097, 'Java学习', '2024-06-25 22:23:24', 2, '学习Java基础，60天vue的学习的第一天开始啦', 'Java', 2, 1800);
INSERT INTO `task` VALUES (1805607733961953282, 'Vue学习', '2024-06-25 22:23:25', 2, '学习Vue2基础，60天vue的学习的第一天开始啦', 'Vue', 2, 1798);
INSERT INTO `task` VALUES (1805642923807604737, 'JVM学习', '2024-06-26 00:43:14', 2, '花费两天时间惊醒JVM的学习', 'JVM', 2, 1772);
INSERT INTO `task` VALUES (1805655489623642114, 'Java学习', '2024-06-26 01:33:10', 2, '学习Java基础，60天vue的学习的第一天开始啦', 'Java', 2, 1758);
INSERT INTO `task` VALUES (1806207267603804162, 'Java学习', '2024-06-27 14:05:44', 1805789390958546945, '学习Java基础，60天vue的学习的第一天开始啦', 'Java', 2, 1209);
INSERT INTO `task` VALUES (1806210162571087874, 'Vue学习', '2024-06-27 14:17:15', 1805789390958546945, '学习Vue2基础，60天vue的学习的第一天开始啦', 'Vue', 2, 1800);
INSERT INTO `task` VALUES (1806239160365756418, '12346', '2024-06-27 16:12:28', 1805789390958546945, '1234567913', '123456', 3, -968);
INSERT INTO `task` VALUES (1806261823717031937, '12346', '2024-06-27 17:42:32', 2, '1234645679', '123456', 2, 1637);
INSERT INTO `task` VALUES (1806262725370757122, '1234612346579', '2024-06-27 17:46:07', 2, '12345679', '123467946579', 2, 1800);
INSERT INTO `task` VALUES (1806487664657027073, 'Java学习', '2024-06-28 08:39:56', 1805789390958546945, '学习Java基础，60天vue的学习的第一天开始啦', 'Java', 2, 1737);
INSERT INTO `task` VALUES (1807278215249563650, 'Java学习', '2024-06-30 13:01:18', 1807277752718495746, '学习Java基础，60天vue的学习的第一天开始啦', 'Java', 3, -182841);
INSERT INTO `task` VALUES (1807281901623341058, 'Java学习', '2024-06-30 13:15:57', 1804230528770097154, '学习Java基础，60天vue的学习的第一天开始啦', 'Java', 2, 1641);
INSERT INTO `task` VALUES (1807281909726736385, 'Vue学习', '2024-06-30 13:15:59', 1804230528770097154, '学习Vue2基础，60天vue的学习的第一天开始啦', 'Vue', 2, 1643);
INSERT INTO `task` VALUES (1808123641750175746, 'Java学习', '2024-07-02 21:00:44', 1807277752718495746, '学习Java基础，60天vue的学习的第一天开始啦', 'Java', 3, -2679);
INSERT INTO `task` VALUES (1808144829524295682, 'Java学习', '2024-07-02 22:24:55', 1807277752718495746, '学习Java基础，60天vue的学习的第一天开始啦', 'Java', 2, 1099);
INSERT INTO `task` VALUES (1808144831193628674, 'Vue学习', '2024-07-02 22:24:56', 1807277752718495746, '学习Vue2基础，60天vue的学习的第一天开始啦', 'Vue', 3, -39);
INSERT INTO `task` VALUES (1839895000406298626, 'Java学习', '2024-09-28 13:08:46', 1837765720004476930, '学习Java基础，60天vue的学习的第一天开始啦', 'Java', 2, 1791);
INSERT INTO `task` VALUES (1840259941856538625, 'Java学习', '2024-09-29 13:18:55', 1837765720004476930, '学习Java基础，60天vue的学习的第一天开始啦', 'Java', 2, 1789);
INSERT INTO `task` VALUES (1842270125470642178, 'Java学习', '2024-10-05 02:26:40', 1837765720004476930, '学习Java基础，60天vue的学习的第一天开始啦', 'Java', 2, 1800);
INSERT INTO `task` VALUES (1842270412981792770, 'Java学习', '2024-10-05 02:27:48', 1837765720004476930, '学习Java基础，60天vue的学习的第一天开始啦', 'Java', 2, 1800);
INSERT INTO `task` VALUES (1842270462336167937, 'Vue学习', '2024-10-05 02:28:00', 1837765720004476930, '学习Vue2基础，60天vue的学习的第一天开始啦', 'Vue', 2, 1800);
INSERT INTO `task` VALUES (1842440538775482369, 'Vue学习', '2024-10-05 13:43:49', 1837765720004476930, '学习Vue2基础，60天vue的学习的第一天开始啦', 'Vue', 2, 1728);
INSERT INTO `task` VALUES (1842441275110715394, 'Java学习', '2024-10-05 13:46:45', 1837765720004476930, '学习Java基础，60天vue的学习的第一天开始啦', 'Java', 2, 1769);
INSERT INTO `task` VALUES (1842441789017812994, 'Java学习', '2024-10-05 13:48:48', 1837765720004476930, '学习Java基础，60天vue的学习的第一天开始啦', 'Java', 2, 1795);
INSERT INTO `task` VALUES (1842450692283691009, 'Vue学习', '2024-10-05 14:24:10', 1837765720004476930, '学习Vue2基础，60天vue的学习的第一天开始啦', 'Vue', 2, 1800);
INSERT INTO `task` VALUES (1842450748562862082, 'Java学习', '2024-10-05 14:24:24', 1837765720004476930, '学习Java基础，60天vue的学习的第一天开始啦', 'Java', 2, 1786);
INSERT INTO `task` VALUES (1842453506133192705, 'Java学习', '2024-10-05 14:35:21', 1837765720004476930, '学习Java基础，60天vue的学习的第一天开始啦', 'Java', 2, 1269);
INSERT INTO `task` VALUES (1842456081431654401, 'Vue学习', '2024-10-05 14:45:35', 1837765720004476930, '学习Vue2基础，60天vue的学习的第一天开始啦', 'Vue', 2, 1800);
INSERT INTO `task` VALUES (1842456137148788737, 'Java学习', '2024-10-05 14:45:48', 1837765720004476930, '学习Java基础，60天vue的学习的第一天开始啦', 'Java', 2, 1611);
INSERT INTO `task` VALUES (1842456138130255874, 'Vue学习', '2024-10-05 14:45:49', 1837765720004476930, '学习Vue2基础，60天vue的学习的第一天开始啦', 'Vue', 2, 1612);
INSERT INTO `task` VALUES (1842457653561651202, 'Vue学习', '2024-10-05 14:51:50', 1837765720004476930, '学习Vue2基础，60天vue的学习的第一天开始啦', 'Vue', 2, 1800);
INSERT INTO `task` VALUES (1842457656342474754, 'Java学习', '2024-10-05 14:51:51', 1837765720004476930, '学习Java基础，60天vue的学习的第一天开始啦', 'Java', 3, 1184);
INSERT INTO `task` VALUES (1842460306584633346, 'Java学习', '2024-10-05 15:02:23', 1837765720004476930, '学习Java基础，60天vue的学习的第一天开始啦', 'Java', 3, 1253);
INSERT INTO `task` VALUES (1842460317645012994, 'Vue学习', '2024-10-05 15:02:25', 1837765720004476930, '学习Vue2基础，60天vue的学习的第一天开始啦', 'Vue', 3, -1501);
INSERT INTO `task` VALUES (1842527446994001921, 'Java学习', '2024-10-05 19:29:10', 1837765720004476930, '学习Java基础，60天vue的学习的第一天开始啦', 'Java', 2, 1627);
INSERT INTO `task` VALUES (1842527451049893889, 'Vue学习', '2024-10-05 19:29:11', 1837765720004476930, '学习Vue2基础，60天vue的学习的第一天开始啦', 'Vue', 2, 1628);
INSERT INTO `task` VALUES (1842582580562243585, 'Java学习', '2024-10-05 23:08:15', 1837765720004476930, '学习Java基础，60天vue的学习的第一天开始啦', 'Java', 3, -4817);
INSERT INTO `task` VALUES (1842583616999927810, 'Vue学习', '2024-10-05 23:12:22', 1837765720004476930, '学习Vue2基础，60天vue的学习的第一天开始啦', 'Vue', 3, -4570);
INSERT INTO `task` VALUES (1842595822504357890, 'Java学习', '2024-10-06 00:00:52', 1837765720004476930, '学习Java基础，60天vue的学习的第一天开始啦', 'Java', 3, -1660);
INSERT INTO `task` VALUES (1842595914170871809, 'Vue学习', '2024-10-06 00:01:14', 1837765720004476930, '学习Vue2基础，60天vue的学习的第一天开始啦', 'Vue', 2, 1792);
INSERT INTO `task` VALUES (1842596333106343938, 'Java学习', '2024-10-06 00:02:54', 1837765720004476930, '学习Java基础，60天vue的学习的第一天开始啦', 'Java', 3, -1538);
INSERT INTO `task` VALUES (1842596409925021698, 'Vue学习', '2024-10-06 00:03:12', 1837765720004476930, '学习Vue2基础，60天vue的学习的第一天开始啦', 'Vue', 2, 1793);
INSERT INTO `task` VALUES (1842597094749982722, 'Java学习', '2024-10-06 00:05:55', 1837765720004476930, '学习Java基础，60天vue的学习的第一天开始啦', 'Java', 2, 1733);
INSERT INTO `task` VALUES (1842597424569077762, 'Java学习', '2024-10-06 00:07:14', 1837765720004476930, '学习Java基础，60天vue的学习的第一天开始啦', 'Java', 2, 1796);
INSERT INTO `task` VALUES (1842597915327811586, 'Java学习', '2024-10-06 00:09:11', 1837765720004476930, '学习Java基础，60天vue的学习的第一天开始啦', 'Java', 3, -1161);
INSERT INTO `task` VALUES (1842597934751633409, 'Vue学习', '2024-10-06 00:09:16', 1837765720004476930, '学习Vue2基础，60天vue的学习的第一天开始啦', 'Vue', 3, -1156);
INSERT INTO `task` VALUES (1842620413641592833, 'Java学习', '2024-10-06 01:38:35', 1837765720004476930, '学习Java基础，60天vue的学习的第一天开始啦', 'Java', 2, 1282);
INSERT INTO `task` VALUES (1842620417118670849, 'Vue学习', '2024-10-06 01:38:36', 1837765720004476930, '学习Vue2基础，60天vue的学习的第一天开始啦', 'Vue', 2, 1283);
INSERT INTO `task` VALUES (1842620774162993153, 'Java学习', '2024-10-06 01:40:01', 1, '学习Java基础，60天vue的学习的第一天开始啦', 'Java', 2, 1368);
INSERT INTO `task` VALUES (1842620778176942082, 'Vue学习', '2024-10-06 01:40:02', 1, '学习Vue2基础，60天vue的学习的第一天开始啦', 'Vue', 2, 1367);
INSERT INTO `task` VALUES (1842622650845515777, 'Java学习', '2024-10-06 01:47:28', 1, '学习Java基础，60天vue的学习的第一天开始啦', 'Java', 2, 1800);
INSERT INTO `task` VALUES (1842622654544891906, 'Vue学习', '2024-10-06 01:47:29', 1, '学习Vue2基础，60天vue的学习的第一天开始啦', 'Vue', 2, 1796);
INSERT INTO `task` VALUES (1842622807670542338, 'Java学习', '2024-10-06 01:48:06', 2, '学习Java基础，60天vue的学习的第一天开始啦', 'Java', 2, 1558);
INSERT INTO `task` VALUES (1842622810753355777, 'Vue学习', '2024-10-06 01:48:07', 2, '学习Vue2基础，60天vue的学习的第一天开始啦', 'Vue', 2, 1559);
INSERT INTO `task` VALUES (1842622898196205570, '测试1', '2024-10-06 01:48:27', 2, '123456', '测试1', 2, 1789);
INSERT INTO `task` VALUES (1842622983260884993, 'Java学习', '2024-10-06 01:48:48', 2, '学习Java基础，60天vue的学习的第一天开始啦', 'Java', 2, 1796);
INSERT INTO `task` VALUES (1842623122687938561, 'Java学习', '2024-10-06 01:49:21', 4, '学习Java基础，60天vue的学习的第一天开始啦', 'Java', 2, 1633);
INSERT INTO `task` VALUES (1842623126571864065, 'Vue学习', '2024-10-06 01:49:22', 4, '学习Vue2基础，60天vue的学习的第一天开始啦', 'Vue', 2, 1634);
INSERT INTO `task` VALUES (1842623240132644865, 'Java学习', '2024-10-06 01:49:49', 5, '学习Java基础，60天vue的学习的第一天开始啦', 'Java', 2, 1660);
INSERT INTO `task` VALUES (1842623243706191874, 'Vue学习', '2024-10-06 01:49:50', 5, '学习Vue2基础，60天vue的学习的第一天开始啦', 'Vue', 2, 1661);
INSERT INTO `task` VALUES (1842623407653146626, 'Java学习', '2024-10-06 01:50:29', 6, '学习Java基础，60天vue的学习的第一天开始啦', 'Java', 2, 1700);
INSERT INTO `task` VALUES (1842623432546340866, 'Vue学习', '2024-10-06 01:50:35', 6, '学习Vue2基础，60天vue的学习的第一天开始啦', 'Vue', 2, 1793);
INSERT INTO `task` VALUES (1842624671174733825, 'Java学习', '2024-10-06 01:55:30', 7, '学习Java基础，60天vue的学习的第一天开始啦', 'Java', 2, 660);
INSERT INTO `task` VALUES (1842624675272568833, 'Vue学习', '2024-10-06 01:55:31', 7, '学习Vue2基础，60天vue的学习的第一天开始啦', 'Vue', 2, 661);
INSERT INTO `task` VALUES (1842624830818332673, 'Java学习', '2024-10-06 01:56:08', 8, '学习Java基础，60天vue的学习的第一天开始啦', 'Java', 2, 1792);
INSERT INTO `task` VALUES (1842624833863397377, 'Vue学习', '2024-10-06 01:56:09', 8, '学习Vue2基础，60天vue的学习的第一天开始啦', 'Vue', 2, 1793);
INSERT INTO `task` VALUES (1842625066022318081, 'Java学习', '2024-10-06 01:57:04', 9, '学习Java基础，60天vue的学习的第一天开始啦', 'Java', 2, 754);
INSERT INTO `task` VALUES (1842625071315529729, 'Vue学习', '2024-10-06 01:57:05', 9, '学习Vue2基础，60天vue的学习的第一天开始啦', 'Vue', 2, 755);
INSERT INTO `task` VALUES (1842625336001277954, 'Java学习', '2024-10-06 01:58:09', 1807277752718495746, '学习Java基础，60天vue的学习的第一天开始啦', 'Java', 2, 818);
INSERT INTO `task` VALUES (1842625340589846530, 'Vue学习', '2024-10-06 01:58:10', 1807277752718495746, '学习Vue2基础，60天vue的学习的第一天开始啦', 'Vue', 2, 819);
INSERT INTO `task` VALUES (1842625401226899457, 'Vue学习', '2024-10-06 01:58:24', 1807277752718495746, '学习Vue2基础，60天vue的学习的第一天开始啦', 'Vue', 2, 835);
INSERT INTO `task` VALUES (1842778968654880770, 'Java学习', '2024-10-06 12:08:37', 1837765720004476930, '学习Java基础，60天vue的学习的第一天开始啦', 'Java', 3, -338);
INSERT INTO `task` VALUES (1842858938114818049, 'Java学习', '2024-10-06 17:26:24', 7, '学习Java基础，60天vue的学习的第一天开始啦', 'Java', 3, -1002);
INSERT INTO `task` VALUES (1842858941482844161, 'Vue学习', '2024-10-06 17:26:24', 7, '学习Vue2基础，60天vue的学习的第一天开始啦', 'Vue', 3, -1002);
INSERT INTO `task` VALUES (1842861334882729986, '', '2024-10-06 17:35:55', 7, '', '', 2, 1790);

-- ----------------------------
-- Table structure for user
-- ----------------------------
DROP TABLE IF EXISTS `user`;
CREATE TABLE `user`  (
  `id` bigint NOT NULL,
  `username` varchar(255) CHARACTER SET utf8mb4 COLLATE utf8mb4_general_ci NULL DEFAULT NULL,
  `password` varchar(255) CHARACTER SET utf8mb4 COLLATE utf8mb4_general_ci NULL DEFAULT NULL,
  `remark` varchar(255) CHARACTER SET utf8mb4 COLLATE utf8mb4_general_ci NULL DEFAULT NULL,
  `stataus` int NULL DEFAULT NULL,
  `avater` varchar(255) CHARACTER SET utf8mb4 COLLATE utf8mb4_general_ci NULL DEFAULT NULL,
  `nickname` varchar(255) CHARACTER SET utf8mb4 COLLATE utf8mb4_general_ci NULL DEFAULT NULL,
  `create_time` datetime NULL DEFAULT CURRENT_TIMESTAMP,
  `update_time` datetime NULL DEFAULT NULL,
  PRIMARY KEY (`id`) USING BTREE
) ENGINE = InnoDB CHARACTER SET = utf8mb4 COLLATE = utf8mb4_general_ci ROW_FORMAT = DYNAMIC;

-- ----------------------------
-- Records of user
-- ----------------------------
INSERT INTO `user` VALUES (1, 'mdd', '1b1f226782aac57bd5a4af66d61bb3f2', '我爱你', 1, 'http://localhost:9091/image/e34a114f-ce06-4ebd-841f-7da94f9aaeb8.png', '哈哈哈', '2024-06-20 20:54:02', '2024-06-23 21:31:43');
INSERT INTO `user` VALUES (2, 'lishuo', '1b1f226782aac57bd5a4af66d61bb3f2', '我爱你', 1, 'http://localhost:9091/image/3e79c33b-5949-41f1-ae4b-23e4e4101eae.png', 'ls', '2024-06-20 20:54:02', '2024-06-24 01:53:12');
INSERT INTO `user` VALUES (3, '123', '1b1f226782aac57bd5a4af66d61bb3f2', '我爱你', 1, 'https://img.picui.cn/free/2024/06/20/6673f0bebd51a.png', '数字', '2024-06-20 20:54:02', '2024-06-20 20:54:02');
INSERT INTO `user` VALUES (4, 'lishuo123', '1b1f226782aac57bd5a4af66d61bb3f2', '我爱你', 1, 'http://localhost:9091/image/71ca8ea9-e4ca-4bf9-aa9e-8c240ed21ffd.png', '我爱你', '2024-06-20 20:54:02', '2024-06-20 20:54:02');
INSERT INTO `user` VALUES (5, 'niuniu', '1b1f226782aac57bd5a4af66d61bb3f2', '我爱你', 1, 'http://localhost:9091/image/7f4b1843-fd1c-4907-9ee4-12b4eb13c237.png', '牛牛', '2024-06-20 20:54:02', '2024-06-20 20:54:02');
INSERT INTO `user` VALUES (6, 'daniu', '1b1f226782aac57bd5a4af66d61bb3f2', '我爱你', 1, 'http://localhost:9091/image/2829026d-110b-4929-8a37-2a6c4f2b4f4c.png', '大牛', '2024-06-20 20:54:02', '2024-06-20 20:54:02');
INSERT INTO `user` VALUES (7, 'ls', '1b1f226782aac57bd5a4af66d61bb3f2', '我爱你', 1, 'http://localhost:9091/image/7cbd2a39-24b2-472d-a13e-8184010cb52a.png', 'LS', '2024-06-20 20:54:02', '2024-06-20 20:54:02');
INSERT INTO `user` VALUES (8, 'lidaniu', '1b1f226782aac57bd5a4af66d61bb3f2', '132465', 1, 'https://img.picui.cn/free/2024/06/20/6673f0bebd51a.png', 'LDN', '2024-06-21 00:03:01', '2024-06-21 00:11:55');
INSERT INTO `user` VALUES (9, 'erniu', '1b1f226782aac57bd5a4af66d61bb3f2', '13245613', 1, 'http://localhost:9091/image/c462a269-dce7-4dcb-9ede-d1faa872fbfd.png', '二牛', '2024-06-21 00:25:29', NULL);
INSERT INTO `user` VALUES (1804230528770097154, 'fangyu', '1b1f226782aac57bd5a4af66d61bb3f2', NULL, 1, 'https://img.zcool.cn/community/015d7e5d56643aa8012187f42a7b0d.jpg@1280w_1l_2o_100sh.jpg', 'fangyu', '2024-06-22 03:10:53', NULL);
INSERT INTO `user` VALUES (1805789390958546945, '123456', '1b1f226782aac57bd5a4af66d61bb3f2', NULL, 1, 'https://img.picui.cn/free/2024/06/20/6673f0bebd51a.png', '123456', '2024-06-26 10:25:15', NULL);
INSERT INTO `user` VALUES (1807277752718495746, 'junhao', '1b1f226782aac57bd5a4af66d61bb3f2', NULL, 1, 'https://img95.699pic.com/element/40135/4581.png_300.png', 'junhao', '2024-06-30 12:59:28', NULL);
INSERT INTO `user` VALUES (1837765720004476930, 'user', '1b1f226782aac57bd5a4af66d61bb3f2', NULL, 1, 'http://localhost:9091/image/a2dce89d-d81f-4c66-a746-d5df6a7c5de4.jpg', 'user', '2024-09-22 16:07:46', NULL);

SET FOREIGN_KEY_CHECKS = 1;
